Threads,Time
1,54.848927
2,34.171449
3,27.469479
4,23.626317
8,25.834463
16,24.351797
